"lemmatized_summary","gene","kidneyDiseaseTable","geneFunction","Differential_Expression","Fold_Change","renal_Means","healthy_Means","renal_0","renal_3","renal_6","renal_9","X5_AK125p1_Adh.count","X6_AK125p1_SPH3d.count","X7_AK125p1_SPH6d.count","X8_AK125p1_SPH9d.count","AK82p2Adh","AK82p3SPH3d","AK82p3SPH6d","AK82p3SPH10d","AK86p1Adh","AK86p2.SPH3d","AK86p2.SPH6d","AK86p2.SPH10d"
"This gene encode a member of a family of secrete protein that function in angiogenesis. The encode protein, which be express predominantly in the live, be far process into a N - terminal coil - coil domain - contain chain and a C - terminal fibrinogen chain. The N - terminal chain be important for lipid metabolism, while the C - terminal chain may be involve in angiogenesis. mutation in this gene cause familial hypobetalipoproteinemia type 2.","ANGPTL3","UpRegulatedTop20","This gene encodes a member of a family of secreted proteins that function in angiogenesis. The encoded protein, which is expressed predominantly in the liver, is further processed into an N-terminal coiled-coil domain-containing chain and a C-terminal fibrinogen chain. The N-terminal chain is important for lipid metabolism, while the C-terminal chain may be involved in angiogenesis. Mutations in this gene cause familial hypobetalipoproteinemia type 2.",-14,1.933,29,15,0,25,64,27,0,27,47,47,3,7,10,22,3,9,3,2
"Carbonic anhydrase ( CAs ) be a large family of zinc metalloenzymes that catalyze the reversible hydration of carbon dioxide. They participate in a variety of biological process, include respiration, calcification, acid - base balance, bone resorption, and the formation of aqueous humor, cerebrospinal fluid, saliva, and gastric acid. They show extensive diversity in tissue distribution and in their subcellular localization. CA IX be a transmembrane protein and be one of only two tumor - associate carbonic anhydrase isoenzyme know. It be express in all clear - cell renal cell carcinoma, but be not detect in normal kidney or much other normal tissue. It may be involve in cell proliferation and transformation. This gene be map to 17q21. 2 by fluorescence in situ hybridization, however, radiation hybrid map localize it to 9p13 - p12.","CA9","UpRegulatedTop20","Carbonic anhydrases (CAs) are a large family of zinc metalloenzymes that catalyze the reversible hydration of carbon dioxide. They participate in a variety of biological processes, including respiration, calcification, acid-base balance, bone resorption, and the formation of aqueous humor, cerebrospinal fluid, saliva, and gastric acid. They show extensive diversity in tissue distribution and in their subcellular localization. CA IX is a transmembrane protein and is one of only two tumor-associated carbonic anhydrase isoenzymes known. It is expressed in all clear-cell renal cell carcinoma, but is not detected in normal kidney or most other normal tissues. It may be involved in cell proliferation and transformation. This gene was mapped to 17q21.2 by fluorescence in situ hybridization, however, radiation hybrid mapping localized it to 9p13-p12.",-21,1.385,75.5,54.5,191,24,37,50,118,15,20,34,154,12,12,25,177,27,35,25
"The protein encode by this gene be a calcium - independent cell - cell adhesion protein that can form homodimers or heterodimer with other nectin protein. The encode protein have both homophilic and heterophilic cell - cell adhesion activity. This gene be report to be a tumor suppressor gene.","CADM3","UpRegulatedTop20","The protein encoded by this gene is a calcium-independent cell-cell adhesion protein that can form homodimers or heterodimers with other nectin proteins. The encoded protein has both homophilic and heterophilic cell-cell adhesion activity. This gene is reported to be a tumor suppressor gene. ",-10,1.386,35,25.25,17,22,43,58,22,27,56,74,4,5,15,55,11,3,17,14
"This gene be imprint, with preferential expression of the maternal allele. The encode protein be a tight - bind, strong inhibitor of several G1 cyclin / Cdk complex and a negative regulator of cell proliferation. mutation in this gene be implicate in sporadic cancer and Beckwith - Wiedemann syndorome, suggest that this gene be a tumor suppressor candidate. Three transcript variant encode two different isoform have be find for this gene.","CDKN1C","UpRegulatedTop20","This gene is imprinted, with preferential expression of the maternal allele. The encoded protein is a tight-binding, strong inhibitor of several G1 cyclin/Cdk complexes and a negative regulator of cell proliferation. Mutations in this gene are implicated in sporadic cancers and Beckwith-Wiedemann syndorome, suggesting that this gene is a tumor suppressor candidate. Three transcript variants encoding two different isoforms have been found for this gene.",-66,1.117,631,564.917,1034,493,517,480,934,604,704,583,170,483,483,376,427,890,928,197
"The protein encode by this intronless gene be a bZIP transcription factor which can bind as a homodimer to certain DNA regulatory region. It can also form heterodimer with the relate protein CEBP - alpha. The encode protein be important in the regulation of gene involve in immune and inflammatory response, and may be involve in the regulation of gene associate with activation and / or differentiation of macrophage. The cytogenetic location of this locus have be report as both 8p11 and 8q11.","CEBPD","UpRegulatedTop20","The protein encoded by this intronless gene is a bZIP transcription factor which can bind as a homodimer to certain DNA regulatory regions. It can also form heterodimers with the related protein CEBP-alpha. The encoded protein is important in the regulation of genes involved in immune and inflammatory responses, and may be involved in the regulation of genes associated with activation and/or differentiation of macrophages. The cytogenetic location of this locus has been reported as both 8p11 and 8q11. ",-33,1.031,1101,1067.75,2333,616,721,734,4205,1926,1957,1832,301,255,344,264,588,476,435,230
"This gene be a member of the Regulator of Complement Activation ( RCA ) gene cluster and encode a protein with twenty short consensus repeat ( SCR ) domain. This protein be secrete into the bloodstream and have a essential role in the regulation of complement activation, restrict this innate defense mechanism to microbial infection. mutation in this gene have be associate with hemolytic - uremic syndrome ( HUS ) and chronic hypocomplementemic nephropathy. Alternate transcriptional splice variant, encode different isoform, have be characterize.","CFH","UpRegulatedTop20","This gene is a member of the Regulator of Complement Activation (RCA) gene cluster and encodes a protein with twenty short consensus repeat (SCR) domains. This protein is secreted into the bloodstream and has an essential role in the regulation of complement activation, restricting this innate defense mechanism to microbial infections. Mutations in this gene have been associated with hemolytic-uremic syndrome (HUS) and chronic hypocomplementemic nephropathy. Alternate transcriptional splice variants, encoding different isoforms, have been characterized. ",-6,1.028,227.5,221.333,202,178,265,265,241,139,220,194,604,230,145,132,322,131,185,113
"This gene product belong to the claudin protein family whose member have be identify as major integral membrane protein localize exclusively at tight junction. Claudins be express in a organ - specific manner and regulate tissue - specific physiologic property of tight junction. This protein be express in the intestine. Alternatively splice transcript variant with different 5' untranslated region have be find for this gene.","CLDN2","UpRegulatedTop20","This gene product belongs to the claudin protein family whose members have been identified as major integral membrane proteins localized exclusively at tight junctions. Claudins are expressed in an organ-specific manner and regulate tissue-specific physiologic properties of tight junctions. This protein is expressed in the intestine. Alternatively spliced transcript variants with different 5' untranslated region have been found for this gene.",-428,1.264,2052.25,1624.167,695,1922,2640,2952,740,2256,2530,2901,880,876,1553,2970,706,1420,2156,502
"Metabolic N - oxidation of the diet - derive amino - trimethylamine ( TMA ) be mediate by flavin - contain monooxygenase and be subject to a inherit FMO3 polymorphism in man result in a small subpopulation with reduce TMA N - oxidation capacity result in fish odor syndrome Trimethylaminuria. Three form of the enzyme, FMO1 find in fetal live, FMO2 find in adult live, and FMO3 be encode by gene cluster in the 1q23 - q25 region. Flavin - contain monooxygenases be NADPH - dependent flavoenzymes that catalyze the oxidation of soft nucleophilic heteroatom center in drug, pesticide, and xenobiotics. Several transcript variant encode different isoform have be find for this gene","FMO1","UpRegulatedTop20","Metabolic N-oxidation of the diet-derived amino-trimethylamine (TMA) is mediated by flavin-containing monooxygenase and is subject to an inherited FMO3 polymorphism in man resulting in a small subpopulation with reduced TMA N-oxidation capacity resulting in fish odor syndrome Trimethylaminuria. Three forms of the enzyme, FMO1 found in fetal liver, FMO2 found in adult liver, and FMO3 are encoded by genes clustered in the 1q23-q25 region. Flavin-containing monooxygenases are NADPH-dependent flavoenzymes that catalyzes the oxidation of soft nucleophilic heteroatom centers in drugs, pesticides, and xenobiotics. Several transcript variants encoding different isoforms have been found for this gene",-8,1.442,24.75,17.167,3,5,36,55,0,9,16,26,0,10,10,96,0,7,9,23
"The protein encode by this gene be involve in the acute - phase immunologic response to gram - negative bacterial infection. Gram - negative bacterium contain a glycolipid, lipopolysaccharide ( lp ), on their outer cell wall. Together with bactericidal permeability - increase protein ( BPI ), the encode protein bind lp and interact with the CD14 receptor, probably play a role in regulate lp - dependent monocyte response. study in mouse suggest that the encode protein be necessary for the rapid acute - phase response to lp but not for the clearance of lp from circulation. This protein be part of a family of structurally and functionally relate protein, include BPI, plasma cholesteryl ester transfer protein ( CETP ), and phospholipid transfer protein ( PLTP ).","LBP","UpRegulatedTop20","The protein encoded by this gene is involved in the acute-phase immunologic response to gram-negative bacterial infections. Gram-negative bacteria contain a glycolipid, lipopolysaccharide (LPS), on their outer cell wall. Together with bactericidal permeability-increasing protein (BPI), the encoded protein binds LPS and interacts with the CD14 receptor, probably playing a role in regulating LPS-dependent monocyte responses. Studies in mice suggest that the encoded protein is necessary for the rapid acute-phase response to LPS but not for the clearance of LPS from circulation. This protein is part of a family of structurally and functionally related proteins, including BPI, plasma cholesteryl ester transfer protein (CETP), and phospholipid transfer protein (PLTP). ",-30,2.521,50,19.833,101,30,39,30,3,5,4,16,0,0,3,10,61,33,101,2
"This gene, isolate use the differential display method to detect tissue - specific gene, be specifically express in kidney and live. The encode protein show amino acid sequence similarity to N - acetyltransferases. A similar protein in Xenopus affect cell adhesion and gastrulation movement, and may be localize in the secretory pathway. A highly similar paralog be find in a cluster with this gene.","NAT8","UpRegulatedTop20","This gene, isolated using the differential display method to detect tissue-specific genes, is specifically expressed in kidney and liver. The encoded protein shows amino acid sequence similarity to N-acetyltransferases. A similar protein in Xenopus affects cell adhesion and gastrulation movements, and may be localized in the secretory pathway. A highly similar paralog is found in a cluster with this gene. ",-16,2.169,30,13.833,0,13,42,65,3,22,34,70,0,4,7,15,0,3,3,5
"Protein synthesis proceed after formylation of methionine by methionyl - tRNA formyl transferase ( FMT ) and transfer of the charge initiator f - meet tRNA to the ribosome. In eubacteria and eukaryotic organelle the product of this gene, peptide deformylase ( PDF ), remove the formyl group from the initiate methionine of nascent peptide. In eubacteria, deformylation of nascent peptide be require for subsequent cleavage of initiate methionine by methionine aminopeptidase. The discovery that a natural inhibitor of PDF, actinonin, act as a antimicrobial agent in some bacterium have spur intensive research into the design of bacterial - specific PDF inhibitor. In human cell, only mitochondrial protein have N - formylation of initiate methionine. Protein inhibitor of PDF or siRNAs of PDF block the growth of cancer cell line but have no effect on normal cell growth. In human, PDF function may therefore be restrict to rapidly grow cell.","PDF","UpRegulatedTop20","Protein synthesis proceeds after formylation of methionine by methionyl-tRNA formyl transferase (FMT) and transfer of the charged initiator f-met tRNA to the ribosome. In eubacteria and eukaryotic organelles the product of this gene, peptide deformylase (PDF), removes the formyl group from the initiating methionine of nascent peptides. In eubacteria, deformylation of nascent peptides is required for subsequent cleavage of initiating methionines by methionine aminopeptidase. The discovery that a natural inhibitor of PDF, actinonin, acts as an antimicrobial agent in some bacteria has spurred intensive research into the design of bacterial-specific PDF inhibitors. In human cells, only mitochondrial proteins have N-formylation of initiating methionines. Protein inhibitors of PDF or siRNAs of PDF block the growth of cancer cell lines but have no effect on normal cell growth. In humans, PDF function may therefore be restricted to rapidly growing cells.",-8,1.16,59.75,51.5,43,53,59,84,84,118,160,147,10,10,2,11,7,38,24,7
"This gene be identify as a retinoid acid ( RA ) receptor - responsive gene. It encode a type 1 membrane protein. The expression of this gene be upregulated by tazarotene as good as by retinoic acid receptor. The expression of this gene be find to be downregulated in prostate cancer, which be cause by the methylation of its promoter and CpG island. Alternatively splice transcript variant encode distinct isoform have be observe.","RARRES1","UpRegulatedTop20","This gene was identified as a retinoid acid (RA) receptor-responsive gene. It encodes a type 1 membrane protein. The expression of this gene is upregulated by tazarotene as well as by retinoic acid receptors. The expression of this gene is found to be downregulated in prostate cancer, which is caused by the methylation of its promoter and CpG island. Alternatively spliced transcript variant encoding distinct isoforms have been observed.",-13,1.206,78.5,65.083,124,51,78,61,75,57,75,92,23,35,103,115,66,35,63,42
"his gene encode a protein contain a tudor domain that be think to function in the suppression of transposable element during spermatogenesis. The relate protein in mouse form a complex with piRNAs and Piwi protein to promote methylation and silence of target sequence. This gene be observe to be upregulated by ETS transcription factor ERG in prostate tumor.","TDRD1","FoldChangeTop20","his gene encodes a protein containing a tudor domain that is thought to function in the suppression of transposable elements during spermatogenesis. The related protein in mouse forms a complex with piRNAs and Piwi proteins to promote methylation and silencing of target sequences. This gene was observed to be upregulated by ETS transcription factor ERG in prostate tumors.",-70,7.523,80.25,10.667,88,84,90,59,4,3,2,3,21,14,25,29,5,2,11,9
"This gene encode a protein contain a tudor domain that be think to function in the suppression of transposable element during spermatogenesis. The relate protein in mouse form a complex with piRNAs and Piwi protein to promote methylation and silence of target sequence. This gene be observe to be upregulated by ETS transcription factor ERG in prostate tumor.","TDRD1","UpRegulatedTop20","This gene encodes a protein containing a tudor domain that is thought to function in the suppression of transposable elements during spermatogenesis. The related protein in mouse forms a complex with piRNAs and Piwi proteins to promote methylation and silencing of target sequences. This gene was observed to be upregulated by ETS transcription factor ERG in prostate tumors. ",-70,7.523,80.25,10.667,88,84,90,59,4,3,2,3,21,14,25,29,5,2,11,9
"X inactivation be a early developmental process in mammalian female that transcriptionally silence one of the pair of X chromosome, thus provide dosage equivalence between male and female. The process be regulate by several factor, include a region of chromosome X call the X inactivation center ( XIC ). The XIC comprise several non - code and protein - code gene, and this gene be the first non - code gene identify within the XIC. This gene be express exclusively from the XIC of the inactive X chromosome, and be essential for the initiation and spread of X - inactivation. The transcript be a splice RNA. Alternatively splice transcript variant have be identify, but their full length sequence have not be determine. mutation in the XIST promoter cause familial skew X inactivation.","XIST","UpRegulatedTop20","X inactivation is an early developmental process in mammalian females that transcriptionally silences one of the pair of X chromosomes, thus providing dosage equivalence between males and females. The process is regulated by several factors, including a region of chromosome X called the X inactivation center (XIC). The XIC comprises several non-coding and protein-coding genes, and this gene was the first non-coding gene identified within the XIC. This gene is expressed exclusively from the XIC of the inactive X chromosome, and is essential for the initiation and spread of X-inactivation. The transcript is a spliced RNA. Alternatively spliced transcript variants have been identified, but their full length sequences have not been determined. Mutations in the XIST promoter cause familial skewed X inactivation.",-1109,1109.75,1109.75,1,1083,1181,1072,1103,1,1,0,1,2,1,1,1,2,2,0,0
"X inactivation be a early developmental process in mammalian female that transcriptionally silence one of the pair of X chromosome, thus provide dosage equivalence between male and female. The process be regulate by several factor, include a region of chromosome X call the X inactivation center ( XIC ). The XIC comprise several non - code and protein - code gene, and this gene be the first non - code gene identify within the XIC. This gene be express exclusively from the XIC of the inactive X chromosome, and be essential for the initiation and spread of X - inactivation. The transcript be a splice RNA. Alternatively splice transcript variant have be identify, but their full length sequence have not be determine. mutation in the XIST promoter cause familial skew X inactivation.","XIST","FoldChangeTop20","X inactivation is an early developmental process in mammalian females that transcriptionally silences one of the pair of X chromosomes, thus providing dosage equivalence between males and females. The process is regulated by several factors, including a region of chromosome X called the X inactivation center (XIC). The XIC comprises several non-coding and protein-coding genes, and this gene was the first non-coding gene identified within the XIC. This gene is expressed exclusively from the XIC of the inactive X chromosome, and is essential for the initiation and spread of X-inactivation. The transcript is a spliced RNA. Alternatively spliced transcript variants have been identified, but their full length sequences have not been determined. Mutations in the XIST promoter cause familial skewed X inactivation.",-1109,1109.75,1109.75,1,1083,1181,1072,1103,1,1,0,1,2,1,1,1,2,2,0,0
